round,seed,steps,validation_throughput_mbps
1,7,1024,6.130205541717141
1,7,2048,5.439724890182354
1,7,3072,5.154377328139041
1,7,4096,6.1045554967986675
1,7,5120,6.376240799964419
1,7,6144,6.027123309449669
1,7,7168,6.535199974568871
1,7,8192,6.173519971637742
1,7,9216,6.547388613155973
1,7,10240,6.438235443526605
1,7,11264,6.537110584237086
1,7,12288,6.206042531226563
1,7,13312,6.256712808044571
1,7,14336,6.635267858236387
1,7,15360,5.830525493802674
1,7,16384,5.965352559536527
1,7,17408,6.14967907496274
1,7,18432,5.083196820904686
1,7,19456,5.1670284475169295
1,7,20480,5.9301878024844115
1,7,21504,6.392080081917175
1,7,22528,6.39743974557949
1,7,23552,6.835472494378603
1,7,24576,6.419743430800651
1,7,25600,6.675038497417941
1,7,26624,6.587588988218241
1,7,27648,6.3194632254261895
1,7,28672,6.459632431857267
1,7,29696,6.0369695485670665
1,7,30720,5.27900947952666
1,7,31744,5.286770793625385
1,7,32768,4.699241269660724
1,17,1024,5.476139706216756
1,17,2048,5.691976221616461
1,17,3072,5.527843079248464
1,17,4096,5.828970007860594
1,17,5120,5.814754647422161
1,17,6144,5.838393511023275
1,17,7168,5.784159935122966
1,17,8192,5.671927861451513
1,17,9216,5.789463521902337
1,17,10240,5.983688358201227
1,17,11264,6.230167455150139
1,17,12288,5.988110734358109
1,17,13312,6.300909114828775
1,17,14336,6.191295839958679
1,17,15360,6.004601661870083
1,17,16384,5.834760161058824
1,17,17408,5.6267049548446835
1,17,18432,5.853447532464734
1,17,19456,5.767038761176601
1,17,20480,5.483985345313214
1,17,21504,5.875977158034679
1,17,22528,5.791455853707234
1,17,23552,5.189759810968677
1,17,24576,5.020107353675361
1,17,25600,5.073657228908241
1,17,26624,5.131803262984945
1,17,27648,5.08144686938443
1,17,28672,4.844922515945321
1,17,29696,5.090718597381126
1,17,30720,4.577700695765848
1,17,31744,5.057139022712235
1,17,32768,4.902596374960402
1,27,1024,5.397692056034432
1,27,2048,5.949463342577152
1,27,3072,6.313355102000863
1,27,4096,5.8620976445962905
1,27,5120,6.0835740946099515
1,27,6144,6.688579917096033
1,27,7168,6.418275323957316
1,27,8192,6.424332874151122
1,27,9216,6.254267848890116
1,27,10240,6.1435054959356865
1,27,11264,6.476921495193619
1,27,12288,6.545997290813114
1,27,13312,6.290962298845539
1,27,14336,6.224072412485114
1,27,15360,6.559882754026945
1,27,16384,6.46031454320921
1,27,17408,6.593864669564212
1,27,18432,6.624604795191293
1,27,19456,6.816005508398324
1,27,20480,6.8009511794566535
1,27,21504,6.582720589608909
1,27,22528,7.2187791796005305
1,27,23552,6.110610274384007
1,27,24576,6.1279020747260775
1,27,25600,6.461037233053185
1,27,26624,6.4425874879116884
1,27,27648,6.50588219880837
1,27,28672,6.405575677323455
1,27,29696,6.310174982247753
1,27,30720,6.337590072452688
1,27,31744,6.426833446367469
1,27,32768,6.352353900381079
2,7,1024,5.689044655178374
2,7,2048,5.986726713052545
2,7,3072,5.270392330937159
2,7,4096,6.81041752135337
2,7,5120,6.585532582380701
2,7,6144,6.3097606700032625
2,7,7168,6.592541686645945
2,7,8192,6.667279023311032
2,7,9216,6.251546936614167
2,7,10240,6.0757385462154225
2,7,11264,6.053073246586551
2,7,12288,6.128414369421137
2,7,13312,6.305941633600991
2,7,14336,6.296328433671075
2,7,15360,6.150918170963805
2,7,16384,6.420548708387239
2,7,17408,6.251481859905726
2,7,18432,5.586991158871754
2,7,19456,5.778592277847995
2,7,20480,6.586950527263367
2,7,21504,6.463554367674684
2,7,22528,6.77294087122198
2,7,23552,6.930954646777028
2,7,24576,6.518030278781536
2,7,25600,6.396122355638537
2,7,26624,6.502095036470965
2,7,27648,6.5194713404537445
2,7,28672,6.192253449796263
2,7,29696,5.749930325281361
2,7,30720,5.137571998626583
2,7,31744,5.8151524899348415
2,7,32768,5.42522595126644
2,17,1024,5.202329084456423
2,17,2048,5.59012120855302
2,17,3072,5.6377665821455665
2,17,4096,5.699471467706942
2,17,5120,5.749273661267486
2,17,6144,5.387196553963976
2,17,7168,6.055160950034373
2,17,8192,5.906715987935394
2,17,9216,6.145974398955573
2,17,10240,5.764833343331621
2,17,11264,6.486518674447451
2,17,12288,6.684938951104357
2,17,13312,6.949899436506891
2,17,14336,6.637995403101147
2,17,15360,6.396961402502906
2,17,16384,6.694597173612745
2,17,17408,6.682696846211209
2,17,18432,6.761511692407186
2,17,19456,6.207179050818417
2,17,20480,6.0618558555801565
2,17,21504,6.414201228249837
2,17,22528,6.797190481640357
2,17,23552,6.677585710510363
2,17,24576,6.224463057202693
2,17,25600,5.786811486673659
2,17,26624,6.0898746583761385
2,17,27648,6.563021097443976
2,17,28672,5.3982808365201835
2,17,29696,5.529838490108083
2,17,30720,5.796314848083549
2,17,31744,5.6230389833284615
2,17,32768,4.954584630396813
2,27,1024,5.304769356394181
2,27,2048,6.515341326529198
2,27,3072,6.3768378001863475
2,27,4096,6.509764268059421
2,27,5120,5.431656672340565
2,27,6144,5.430423598495147
2,27,7168,5.792583727919899
2,27,8192,5.397286852572121
2,27,9216,6.4210060803679045
2,27,10240,6.034882842523631
2,27,11264,6.4678685511831695
2,27,12288,6.25301708496347
2,27,13312,5.790371515169635
2,27,14336,5.904329078381211
2,27,15360,7.590856103597561
2,27,16384,7.585558226529898
2,27,17408,8.065392070551411
2,27,18432,6.829549530579383
2,27,19456,6.84612086335102
2,27,20480,6.087397474769087
2,27,21504,6.492798896963053
2,27,22528,5.132172043452015
2,27,23552,6.80284316764608
2,27,24576,4.630052327885148
2,27,25600,4.365222468545917
2,27,26624,5.211693003114021
2,27,27648,6.226295073600411
2,27,28672,6.732364023252551
2,27,29696,5.637694763086244
2,27,30720,5.5343214735742565
2,27,31744,5.671990560807498
2,27,32768,5.270159129794267
3,7,1024,5.514648267171884
3,7,2048,6.285570383089192
3,7,3072,6.084657981349498
3,7,4096,6.4010673066027355
3,7,5120,6.804645541099952
3,7,6144,7.219893771503549
3,7,7168,6.022893669524769
3,7,8192,6.477469285451124
3,7,9216,6.0263034103292625
3,7,10240,5.2018349694511175
3,7,11264,5.265030040540416
3,7,12288,4.966142794260896
3,7,13312,5.941513414485892
3,7,14336,5.72142518084384
3,7,15360,5.83707436451945
3,7,16384,5.187289113709884
3,7,17408,4.567511290971503
3,7,18432,4.761014875826975
3,7,19456,4.672951209353233
3,7,20480,4.285860856761249
3,7,21504,4.5706040197056375
3,7,22528,4.904565496527104
3,7,23552,4.562305572547734
3,7,24576,5.043737651153282
3,7,25600,4.637601446744562
3,7,26624,5.052585180785682
3,7,27648,5.532861795359825
3,7,28672,6.570354684715891
3,7,29696,5.3759751936360995
3,7,30720,6.159049107401459
3,7,31744,6.1078117984707285
3,7,32768,6.098975228811234
3,17,1024,5.681520390967191
3,17,2048,5.846300143948739
3,17,3072,6.0433541247250675
3,17,4096,5.6234337877474765
3,17,5120,5.514216548377958
3,17,6144,5.967505853898566
3,17,7168,5.8985568508738035
3,17,8192,5.174703596567791
3,17,9216,5.557478334753653
3,17,10240,4.892716318173585
3,17,11264,5.250303251021603
3,17,12288,4.812639471668084
3,17,13312,5.114617136367338
3,17,14336,4.778382680094603
3,17,15360,5.0445954568724645
3,17,16384,5.1846050886454735
3,17,17408,4.898841252421058
3,17,18432,5.204183663295022
3,17,19456,5.575522414238369
3,17,20480,4.565881640435129
3,17,21504,5.157036850727134
3,17,22528,5.385032753009836
3,17,23552,4.884485983240704
3,17,24576,4.823995526182218
3,17,25600,5.5382371226321885
3,17,26624,6.326051533912761
3,17,27648,5.9171071335446275
3,17,28672,5.2599924147252555
3,17,29696,5.438562229084255
3,17,30720,5.296565451761651
3,17,31744,5.1041307360660015
3,17,32768,4.7446879820360115
3,27,1024,6.221822868270613
3,27,2048,5.674882694415245
3,27,3072,5.870599930980346
3,27,4096,6.022295748943826
3,27,5120,5.816035976528698
3,27,6144,5.27485107472078
3,27,7168,5.520010049570294
3,27,8192,5.620688762404276
3,27,9216,5.633129449670649
3,27,10240,5.113642784277661
3,27,11264,5.414535719519615
3,27,12288,5.476823691172432
3,27,13312,4.898694007732735
3,27,14336,4.734344641766429
3,27,15360,4.202951027172047
3,27,16384,5.1669225441122375
3,27,17408,4.899473651364144
3,27,18432,5.073675918762522
3,27,19456,4.916139134043621
3,27,20480,5.084789306668736
3,27,21504,5.295032891813422
3,27,22528,5.480494102942834
3,27,23552,5.04978729268886
3,27,24576,5.167460579141577
3,27,25600,5.45271461339389
3,27,26624,5.145485884583602
3,27,27648,5.431378497012718
3,27,28672,5.181951631788702
3,27,29696,4.5521059102609565
3,27,30720,4.447135873593602
3,27,31744,4.511573321078569
3,27,32768,4.177384429070657
4,7,1024,5.4833643086408745
4,7,2048,5.949748478364368
4,7,3072,5.210208498198129
4,7,4096,6.62023245052013
4,7,5120,6.640495684263848
4,7,6144,6.650084747248355
4,7,7168,6.661414004387529
4,7,8192,6.603749997257259
4,7,9216,5.846141234333837
4,7,10240,5.930413762283702
4,7,11264,6.081387399034495
4,7,12288,6.000638035206092
4,7,13312,5.97467040494868
4,7,14336,6.073994226957491
4,7,15360,5.862638591013446
4,7,16384,6.403354105712283
4,7,17408,4.608722294210573
4,7,18432,5.853170482170667
4,7,19456,5.137421457535906
4,7,20480,5.413328617947881
4,7,21504,5.512152531174485
4,7,22528,6.466524012514483
4,7,23552,6.176551751700921
4,7,24576,5.739084030919611
4,7,25600,6.740915290156006
4,7,26624,6.651735655288541
4,7,27648,7.01690872954481
4,7,28672,6.691521107007472
4,7,29696,6.207771921369528
4,7,30720,7.714697927299326
4,7,31744,8.380474463214403
4,7,32768,6.2876738829091305
4,17,1024,5.518987684561947
4,17,2048,5.270568704649775
4,17,3072,5.512726040183907
4,17,4096,5.584025476834471
4,17,5120,5.883662114320329
4,17,6144,5.355828447440978
4,17,7168,6.154272913343512
4,17,8192,6.329117277343204
4,17,9216,6.493964780124751
4,17,10240,6.27275284005602
4,17,11264,6.643758615753826
4,17,12288,6.040891495995992
4,17,13312,6.682640753238595
4,17,14336,6.51678156067769
4,17,15360,6.39718315010218
4,17,16384,7.116418826897197
4,17,17408,6.912713047332808
4,17,18432,6.503410390362745
4,17,19456,6.2069612370142195
4,17,20480,6.400336442907488
4,17,21504,6.659564766916414
4,17,22528,6.782769831837709
4,17,23552,6.756197730419019
4,17,24576,7.01710871955334
4,17,25600,7.041797942546871
4,17,26624,6.8843248707263
4,17,27648,6.728579374450673
4,17,28672,6.389947660294578
4,17,29696,6.388593267476907
4,17,30720,6.778176808509149
4,17,31744,6.828707302784996
4,17,32768,6.781125695065526
4,27,1024,5.484752997632274
4,27,2048,6.3145552214462555
4,27,3072,6.770418509662807
4,27,4096,6.564317108661487
4,27,5120,5.510057267104951
4,27,6144,5.7409125854337955
4,27,7168,6.017358061726297
4,27,8192,5.727830431726812
4,27,9216,5.793721493675308
4,27,10240,5.940759856887225
4,27,11264,6.087815868920881
4,27,12288,5.905557235389871
4,27,13312,6.044320676887918
4,27,14336,5.762414142012745
4,27,15360,5.931361074584881
4,27,16384,5.77312234398929
4,27,17408,5.302662116675289
4,27,18432,5.158156881204154
4,27,19456,5.5288852175835395
4,27,20480,4.925183626778807
4,27,21504,5.059967079809541
4,27,22528,4.694873123015195
4,27,23552,5.237023457126456
4,27,24576,5.237979218721882
4,27,25600,6.345153570423227
4,27,26624,5.066580728046124
4,27,27648,6.219791600228573
4,27,28672,6.752864644683031
4,27,29696,6.389228025659868
4,27,30720,7.138491108129187
4,27,31744,6.171300771106229
4,27,32768,6.0645296385915115
5,7,1024,5.708892757563863
5,7,2048,5.938037041457933
5,7,3072,5.198518658496646
5,7,4096,6.8144066075865
5,7,5120,6.6546115391876866
5,7,6144,6.606757577651778
5,7,7168,7.24265914035326
5,7,8192,6.720107193519673
5,7,9216,6.573321995135633
5,7,10240,6.453641944524628
5,7,11264,6.561130948947461
5,7,12288,6.424662764402779
5,7,13312,6.594498060447792
5,7,14336,6.406191900487506
5,7,15360,6.9858161096027045
5,7,16384,7.04712424268683
5,7,17408,6.316513241430372
5,7,18432,6.485992634908882
5,7,19456,6.847834028084964
5,7,20480,6.878188673469966
5,7,21504,6.481074225149421
5,7,22528,6.657620835466379
5,7,23552,6.47030071401309
5,7,24576,6.775240323750593
5,7,25600,6.553133038569505
5,7,26624,6.769834986161081
5,7,27648,6.389245092249314
5,7,28672,6.548250165710583
5,7,29696,6.556350199381481
5,7,30720,6.324781615352346
5,7,31744,6.30068799564413
5,7,32768,6.418150686632405
5,17,1024,5.129608333474094
5,17,2048,5.559465582901979
5,17,3072,5.514681562354593
5,17,4096,5.816143800265915
5,17,5120,5.4948136051671375
5,17,6144,5.2823047043303415
5,17,7168,5.920459081781149
5,17,8192,5.968758360286472
5,17,9216,6.2625768429274
5,17,10240,6.593675933349101
5,17,11264,6.335662082614697
5,17,12288,6.218773123460793
5,17,13312,6.821275924579203
5,17,14336,6.607406452331971
5,17,15360,6.395440634254217
5,17,16384,6.731689947345463
5,17,17408,6.561176123041076
5,17,18432,6.438519710125868
5,17,19456,5.578001184762596
5,17,20480,6.398514097958522
5,17,21504,5.839511182471834
5,17,22528,6.7959766980141225
5,17,23552,6.50811267649626
5,17,24576,6.93381004905636
5,17,25600,6.35670094518205
5,17,26624,6.156522794146773
5,17,27648,6.425483194655221
5,17,28672,6.48612727741396
5,17,29696,6.654089974850931
5,17,30720,6.663184134329086
5,17,31744,6.638747161446435
5,17,32768,6.674936525456471
5,27,1024,5.311456956563019
5,27,2048,6.539660640314518
5,27,3072,6.431587206251849
5,27,4096,6.5054353508378115
5,27,5120,5.444062804789173
5,27,6144,5.368719586147027
5,27,7168,5.515457176713209
5,27,8192,5.494641779868262
5,27,9216,6.518887417031728
5,27,10240,6.056992719836871
5,27,11264,6.644439273302082
5,27,12288,6.346874897361821
5,27,13312,6.1121618304453875
5,27,14336,6.225965759711542
5,27,15360,6.112278950273261
5,27,16384,5.957905130492637
5,27,17408,5.5323021444442
5,27,18432,4.906216428434896
5,27,19456,4.876605513740881
5,27,20480,4.8750879022056415
5,27,21504,5.9216222727432175
5,27,22528,5.612875356465829
5,27,23552,5.873513204206516
5,27,24576,4.756335065937659
5,27,25600,5.989347141988525
5,27,26624,5.401150991550824
5,27,27648,5.8880234496890385
5,27,28672,6.28394363900778
5,27,29696,6.7589642348435435
5,27,30720,6.695202714717534
5,27,31744,6.739950089037245
5,27,32768,6.4391864565918855
6,7,1024,5.457751316808614
6,7,2048,5.874871065723497
6,7,3072,5.44704424774081
6,7,4096,5.836043103399854
6,7,5120,5.884178532760378
6,7,6144,5.785452969351314
6,7,7168,6.025705115215739
6,7,8192,6.426858795808157
6,7,9216,5.831557884148674
6,7,10240,5.931686564970661
6,7,11264,5.954543666329492
6,7,12288,5.796148808149369
6,7,13312,6.127024984453083
6,7,14336,5.43165549078099
6,7,15360,5.509871423614657
6,7,16384,6.157618467030451
6,7,17408,5.469307472076669
6,7,18432,5.48498476472273
6,7,19456,5.693653479525014
6,7,20480,5.683622037683651
6,7,21504,5.635022167830728
6,7,22528,6.236079388140012
6,7,23552,6.611634652413778
6,7,24576,6.748560523786793
6,7,25600,6.51318120172978
6,7,26624,7.128617948369812
6,7,27648,6.410599149375949
6,7,28672,6.594420961557283
6,7,29696,6.249641030872762
6,7,30720,5.72757124860095
6,7,31744,5.8753285625107825
6,7,32768,5.51282805687917
6,17,1024,5.736433081723106
6,17,2048,5.496715450904497
6,17,3072,5.424468970105832
6,17,4096,5.774377038041165
6,17,5120,5.33358021546589
6,17,6144,5.117393847939234
6,17,7168,5.409976194296861
6,17,8192,5.181898022411402
6,17,9216,5.9719501015054695
6,17,10240,5.756386230963642
6,17,11264,5.96898241318643
6,17,12288,5.778648756762632
6,17,13312,5.817543743313255
6,17,14336,5.914170238367657
6,17,15360,6.124037618904662
6,17,16384,6.765631738603777
6,17,17408,6.744358898011547
6,17,18432,6.647550761293591
6,17,19456,6.072623267857281
6,17,20480,6.479826959805174
6,17,21504,6.432596613375039
6,17,22528,6.883911488525039
6,17,23552,7.2006400721614146
6,17,24576,6.3993362818411255
6,17,25600,6.638334554420425
6,17,26624,6.440668930033216
6,17,27648,6.342901923614135
6,17,28672,6.703977842259785
6,17,29696,6.674367693379453
6,17,30720,6.597124576577909
6,17,31744,6.61161336782933
6,17,32768,6.741322960929628
6,27,1024,5.396842331688262
6,27,2048,5.708794996870966
6,27,3072,5.707132720602823
6,27,4096,5.689077344028294
6,27,5120,5.448415980951897
6,27,6144,5.964672808209587
6,27,7168,5.684517812762524
6,27,8192,5.344237270494721
6,27,9216,5.931084024982409
6,27,10240,6.685833978023027
6,27,11264,6.685430531935758
6,27,12288,6.29544560399214
6,27,13312,6.068130041500684
6,27,14336,6.3306618336207
6,27,15360,6.45791049585611
6,27,16384,6.254415082310481
6,27,17408,6.073676433571395
6,27,18432,5.667574884364713
6,27,19456,5.706139683668039
6,27,20480,5.840163742082773
6,27,21504,6.289533453979386
6,27,22528,5.665776815996266
6,27,23552,5.903278967191788
6,27,24576,6.055765922880133
6,27,25600,5.865892196733846
6,27,26624,5.692903158782719
6,27,27648,5.339901319828685
6,27,28672,6.1257702681017125
6,27,29696,5.724966767921537
6,27,30720,5.718269360921938
6,27,31744,5.923811830868643
6,27,32768,5.770531586328181
7,7,1024,5.715929171267125
7,7,2048,5.936407309427281
7,7,3072,5.218154558200985
7,7,4096,6.8442534309014444
7,7,5120,6.661017351333853
7,7,6144,6.573456148925556
7,7,7168,7.267050422108324
7,7,8192,6.716046672983797
7,7,9216,6.495839363963919
7,7,10240,6.143084462236629
7,7,11264,6.522982631200352
7,7,12288,6.383873360049222
7,7,13312,6.75472254093547
7,7,14336,7.126484942207221
7,7,15360,6.6303854900350645
7,7,16384,6.940539153447688
7,7,17408,6.649040067119031
7,7,18432,6.73048382466914
7,7,19456,6.74243767227471
7,7,20480,6.7467816957550015
7,7,21504,6.40547907615102
7,7,22528,6.555756084810468
7,7,23552,6.892482910681895
7,7,24576,6.819247450928403
7,7,25600,6.909701366250446
7,7,26624,6.983777470065659
7,7,27648,6.864430346476912
7,7,28672,6.921331852381543
7,7,29696,6.484560422472293
7,7,30720,6.553944201769671
7,7,31744,6.6822414226780555
7,7,32768,6.6477058725239635
7,17,1024,5.130173473593519
7,17,2048,5.30236827986837
7,17,3072,5.646468026727253
7,17,4096,5.957956449459109
7,17,5120,5.465393682257602
7,17,6144,5.302960698648673
7,17,7168,5.968070166424181
7,17,8192,5.954287408570607
7,17,9216,6.442175525526727
7,17,10240,5.993344421317544
7,17,11264,6.138319844635966
7,17,12288,6.3151131717261695
7,17,13312,6.550399192069667
7,17,14336,6.427190357542084
7,17,15360,5.953072104580101
7,17,16384,7.051710235367958
7,17,17408,7.014481855726288
7,17,18432,6.212658714144073
7,17,19456,6.173747768198805
7,17,20480,6.018980491540988
7,17,21504,5.806768789012495
7,17,22528,6.729307356960259
7,17,23552,6.556578374793719
7,17,24576,6.429545855209938
7,17,25600,5.2528453352671285
7,17,26624,5.608125364125854
7,17,27648,5.443241147453442
7,17,28672,6.251837374113442
7,17,29696,6.204477108833746
7,17,30720,6.5495284317082545
7,17,31744,6.595118536138108
7,17,32768,6.343182543637633
7,27,1024,5.347708630560776
7,27,2048,6.571228762903121
7,27,3072,6.457423426838116
7,27,4096,6.596603990035297
7,27,5120,5.447390155614096
7,27,6144,5.502144031657174
7,27,7168,5.587828345655959
7,27,8192,5.852594665237664
7,27,9216,6.34632117805145
7,27,10240,6.35874895323733
7,27,11264,6.2175136763145735
7,27,12288,5.643870670770226
7,27,13312,5.94507229091347
7,27,14336,7.285881268230545
7,27,15360,6.3168574264227635
7,27,16384,5.319041016649784
7,27,17408,4.091743518601304
7,27,18432,4.3486844829702225
7,27,19456,4.451345578142628
7,27,20480,4.864622430044916
7,27,21504,4.664924626584848
7,27,22528,4.513047357994653
7,27,23552,4.01455418916376
7,27,24576,5.3948733800504485
7,27,25600,5.859945123142679
7,27,26624,4.968160051488592
7,27,27648,5.602527101111763
7,27,28672,5.496619809782106
7,27,29696,4.645921898507465
7,27,30720,5.411051163737891
7,27,31744,4.26382375095549
7,27,32768,4.748315752217879
8,7,1024,5.778500357884817
8,7,2048,5.6475894532235955
8,7,3072,5.143179068585695
8,7,4096,6.552413158258187
8,7,5120,6.32775155923098
8,7,6144,6.737096977008219
8,7,7168,6.889916566835857
8,7,8192,6.789352293664722
8,7,9216,6.9671548306295685
8,7,10240,5.774580694503627
8,7,11264,6.218342940009712
8,7,12288,6.831671873836281
8,7,13312,5.8843649084753205
8,7,14336,5.416335482003981
8,7,15360,5.5658042408704285
8,7,16384,5.345658836720775
8,7,17408,5.360443760329
8,7,18432,7.078917038855547
8,7,19456,6.197126010417834
8,7,20480,6.640033645136926
8,7,21504,6.610079962166891
8,7,22528,7.364046248561793
8,7,23552,6.6263378154971475
8,7,24576,6.4284944251944305
8,7,25600,6.048342197462419
8,7,26624,5.8522938938142515
8,7,27648,5.0648413707803055
8,7,28672,3.9840983767316955
8,7,29696,3.362459982788526
8,7,30720,5.222925054573246
8,7,31744,5.575234160895178
8,7,32768,4.873821793921669
8,17,1024,5.401717198039549
8,17,2048,5.492907162394875
8,17,3072,5.376861170858813
8,17,4096,5.693168809542928
8,17,5120,4.68056335219022
8,17,6144,5.407995251576764
8,17,7168,5.7497407497381525
8,17,8192,5.66293025296022
8,17,9216,5.787501933877583
8,17,10240,5.80088252210981
8,17,11264,5.944462177505215
8,17,12288,6.507344721341532
8,17,13312,5.642146937881687
8,17,14336,6.692704376262751
8,17,15360,6.612847664237371
8,17,16384,5.909305392061612
8,17,17408,6.529501282451966
8,17,18432,5.889990455079866
8,17,19456,6.534156656180155
8,17,20480,6.798613569916536
8,17,21504,6.793061343237952
8,17,22528,6.409519787742544
8,17,23552,6.173205540790437
8,17,24576,6.152528046820197
8,17,25600,5.722303660465636
8,17,26624,6.338696947995983
8,17,27648,6.787641777895021
8,17,28672,6.523816999543817
8,17,29696,5.815068106954343
8,17,30720,6.638494627628071
8,17,31744,5.22052877667296
8,17,32768,6.407904556015014
8,27,1024,5.310492719942865
8,27,2048,6.1848013897242735
8,27,3072,6.122953432974836
8,27,4096,5.50078087353166
8,27,5120,5.721119080628723
8,27,6144,5.978464727508424
8,27,7168,5.697139017612437
8,27,8192,6.530645837101949
8,27,9216,6.356862249189249
8,27,10240,5.90716703203539
8,27,11264,5.15411016731073
8,27,12288,5.731349948169109
8,27,13312,5.8213427406257345
8,27,14336,6.158868255507443
8,27,15360,5.995531832971998
8,27,16384,5.349422394951405
8,27,17408,5.522733326689518
8,27,18432,5.5200770266725625
8,27,19456,5.170762955777289
8,27,20480,5.008659822945461
8,27,21504,5.264690090215378
8,27,22528,5.504637466769693
8,27,23552,5.061130398557108
8,27,24576,3.878718907693409
8,27,25600,4.27109579394939
8,27,26624,4.160248469196865
8,27,27648,4.194618362812795
8,27,28672,4.978601561080482
8,27,29696,4.807090675123459
8,27,30720,5.406539283989404
8,27,31744,3.6133379397075718
8,27,32768,3.8951532307149854
9,7,1024,5.557407923335712
9,7,2048,5.951444458919585
9,7,3072,5.453970624316058
9,7,4096,6.767625786996739
9,7,5120,6.611580196488945
9,7,6144,6.624751856378939
9,7,7168,7.220249573367223
9,7,8192,6.9520355126483215
9,7,9216,6.65280696454602
9,7,10240,6.537127783600923
9,7,11264,6.599020344271878
9,7,12288,6.908811861849764
9,7,13312,6.9624211352612
9,7,14336,6.961608318494984
9,7,15360,6.453189384884954
9,7,16384,6.623725433536468
9,7,17408,6.617973250845897
9,7,18432,6.239836419402257
9,7,19456,5.935550568062397
9,7,20480,6.545266790578183
9,7,21504,6.954471647617132
9,7,22528,6.831446516592464
9,7,23552,6.842720275062634
9,7,24576,6.60043273465695
9,7,25600,6.8944951019040515
9,7,26624,6.913486859455449
9,7,27648,6.72354648061338
9,7,28672,6.8764696035227475
9,7,29696,6.442464526975427
9,7,30720,6.567536823390048
9,7,31744,6.443572969394175
9,7,32768,6.812507489215145
9,17,1024,5.172994200928444
9,17,2048,5.230134821112091
9,17,3072,5.493289299431877
9,17,4096,5.537224874642145
9,17,5120,5.48890744982589
9,17,6144,5.322981335651156
9,17,7168,5.929589788324909
9,17,8192,5.957151079825979
9,17,9216,6.259540264946812
9,17,10240,5.7055405475948415
9,17,11264,6.560372071566803
9,17,12288,6.7629310080328136
9,17,13312,6.188724654536614
9,17,14336,7.233359133592505
9,17,15360,7.0728610488640395
9,17,16384,7.035467180454835
9,17,17408,6.672536549593288
9,17,18432,6.230616636682842
9,17,19456,6.585926679653196
9,17,20480,6.803474273540232
9,17,21504,6.340973895151848
9,17,22528,6.456482295334095
9,17,23552,7.00117131201308
9,17,24576,6.4180905536190345
9,17,25600,6.960609904267792
9,17,26624,6.885361087148441
9,17,27648,6.655213027663283
9,17,28672,6.708428028976154
9,17,29696,6.711378248247844
9,17,30720,6.723284018207682
9,17,31744,6.950698434664013
9,17,32768,6.907671450597443
9,27,1024,5.284406344425536
9,27,2048,6.602722278125268
9,27,3072,6.425224806086367
9,27,4096,6.433103773171396
9,27,5120,5.43465032852313
9,27,6144,5.329973066809817
9,27,7168,5.452041762070086
9,27,8192,5.814058850000181
9,27,9216,6.058572933306477
9,27,10240,6.118266615146443
9,27,11264,6.069279288356151
9,27,12288,5.924344687037652
9,27,13312,6.190568566788815
9,27,14336,6.678958740622753
9,27,15360,6.287617121583708
9,27,16384,6.571020224901142
9,27,17408,5.5177376621951355
9,27,18432,5.207562262368304
9,27,19456,5.116544823359789
9,27,20480,4.9556894585894655
9,27,21504,4.44567542140717
9,27,22528,4.873600064987734
9,27,23552,5.476002895278611
9,27,24576,4.153202670669488
9,27,25600,5.408611151849605
9,27,26624,4.2618750677275585
9,27,27648,4.321986792204456
9,27,28672,4.7206073661438674
9,27,29696,5.077207077526531
9,27,30720,4.680042984219792
9,27,31744,4.0406878978098
9,27,32768,4.3777116986321865
10,7,1024,5.469266142282149
10,7,2048,5.597081809204227
10,7,3072,5.723287530088302
10,7,4096,6.371814022876532
10,7,5120,6.625693035866457
10,7,6144,6.0357377690858875
10,7,7168,6.7097871547264285
10,7,8192,6.8599447772702336
10,7,9216,6.525695917999415
10,7,10240,6.692531941112342
10,7,11264,7.124549810145443
10,7,12288,6.656992263225011
10,7,13312,7.1754863657822465
10,7,14336,7.0188898261404
10,7,15360,6.769198372446892
10,7,16384,7.150786704606812
10,7,17408,6.663616691703638
10,7,18432,6.350502447051709
10,7,19456,6.409347073086641
10,7,20480,6.621631515040391
10,7,21504,6.4975162557823065
10,7,22528,6.977371125656389
10,7,23552,6.868227315333613
10,7,24576,6.77889753384736
10,7,25600,6.882721114593135
10,7,26624,7.015820273870157
10,7,27648,6.90230087253329
10,7,28672,6.800847689278796
10,7,29696,6.798035530485939
10,7,30720,6.362371507483209
10,7,31744,6.863297139031732
10,7,32768,6.926106848343633
10,17,1024,5.618243247827894
10,17,2048,5.690429066558478
10,17,3072,5.693745699136137
10,17,4096,5.599196294451156
10,17,5120,5.479966156337163
10,17,6144,5.136316656011524
10,17,7168,5.847227439241039
10,17,8192,5.836136547066458
10,17,9216,6.594186103789734
10,17,10240,5.718315498791017
10,17,11264,6.259088901307648
10,17,12288,6.548148321045617
10,17,13312,6.174246819009868
10,17,14336,6.08407150597451
10,17,15360,6.4505494792170825
10,17,16384,6.818061933414387
10,17,17408,6.799382209760946
10,17,18432,7.05221797390552
10,17,19456,6.185851287677422
10,17,20480,6.084039686652961
10,17,21504,6.63202855577869
10,17,22528,7.43405737932545
10,17,23552,6.582834905232471
10,17,24576,6.277217347498315
10,17,25600,6.666323781178059
10,17,26624,6.6597893423588905
10,17,27648,6.683034928723876
10,17,28672,6.053924360394984
10,17,29696,5.332934071811282
10,17,30720,4.660068953150444
10,17,31744,5.450819491227091
10,17,32768,4.894101020290213
10,27,1024,5.686313368922759
10,27,2048,6.5274427004158815
10,27,3072,6.34175834201959
10,27,4096,6.411540334546413
10,27,5120,5.420521308376261
10,27,6144,6.350602455400653
10,27,7168,6.218816762891413
10,27,8192,6.040678628368747
10,27,9216,6.700663202204913
10,27,10240,6.52386943404465
10,27,11264,6.634054156451055
10,27,12288,6.587520385220535
10,27,13312,6.293117330517301
10,27,14336,6.593323659477993
10,27,15360,6.479283976612454
10,27,16384,6.516446960095318
10,27,17408,5.5031910865420945
10,27,18432,5.694102258929885
10,27,19456,6.530689590026535
10,27,20480,5.962727112419305
10,27,21504,6.398348450410996
10,27,22528,6.0055766165308935
10,27,23552,5.8233540282774365
10,27,24576,5.357117342551749
10,27,25600,5.6773665499767905
10,27,26624,5.582947282644629
10,27,27648,5.511533125021472
10,27,28672,4.818502472343089
10,27,29696,5.074769039472126
10,27,30720,6.105254263004884
10,27,31744,4.595898363290344
10,27,32768,4.601239627025746
